{
  "min": 0.017839918128331,
  "max": 6.455107364213054
}
